Chrysogonos_K,Greece,CHRYSOGONOS Kostas, http://pbs.twimg.com/profile_images/519903491586682880/3vyS15sH_200x200.jpeg
AngeloCiocca,Italy,CIOCCA Angelo, http://pbs.twimg.com/profile_images/785716738285531136/CSW8Bvgc_200x200.jpg
j_wisniewska,Poland,WIŚNIEWSKA Jadwiga, http://pbs.twimg.com/profile_images/687558197968789504/BhOiVDYE_200x200.jpg
NirjDeva,United Kingdom,DEVA Nirj, http://pbs.twimg.com/profile_images/2432726373/xob1fenr92r2dtyldk7s_200x200.jpeg
CeciliaWikstrom,Sweden,WIKSTRÖM Cecilia, http://pbs.twimg.com/profile_images/745644535183777792/U6p0OMDV_200x200.jpg
TaniaGonzalezPs,Spain,GONZÁLEZ PEÑAS Tania, http://pbs.twimg.com/profile_images/841951088303566852/V8_9lKhr_200x200.jpg
marinhoepinto,Portugal,MARINHO E PINTO António, http://pbs.twimg.com/profile_images/1111934234/Marinho_e_Pinto_3_200x200.jpg
HennaVirkkunen,Finland,VIRKKUNEN Henna, http://pbs.twimg.com/profile_images/745691248334409729/19MFLvLY_200x200.jpg
caspary,Germany,CASPARY Daniel, http://pbs.twimg.com/profile_images/823520495979073536/1DzsmIrD_200x200.jpg
IvanJakovcic,Croatia,JAKOVČIĆ Ivan, http://pbs.twimg.com/profile_images/3208383508/644741d767f59249ad9ba34217c6ad87_200x200.jpeg
sabineverheyen,Germany,VERHEYEN Sabine, http://pbs.twimg.com/profile_images/477436314468773888/h4MX-etJ_200x200.jpeg
IAyalaSender,Spain,AYALA SENDER Inés, http://pbs.twimg.com/profile_images/851189469923430401/8iog_HYn_200x200.jpg
JStarbatty,Germany,STARBATTY Joachim, http://pbs.twimg.com/profile_images/587541118868262912/4UIiFY0A_200x200.jpg
BasEickhout,Netherlands,EICKHOUT Bas, http://pbs.twimg.com/profile_images/770451823/bas-twitter_200x200.jpg
OlgaSehnalova,Czech Republic,SEHNALOVÁ Olga, http://pbs.twimg.com/profile_images/1348509439/OS_200x200.JPG
BasBelderMEP,Netherlands,BELDER Bas, http://pbs.twimg.com/profile_images/466831885818028032/-TthxAki_200x200.png
THEOCHAROUSE,Cyprus,THEOCHAROUS Eleni, http://pbs.twimg.com/profile_images/699158131641679872/Ie0oEijT_200x200.jpg
FountoulisLampr,Greece,FOUNTOULIS Lampros, http://pbs.twimg.com/profile_images/666388635260878850/iEtWELwP_200x200.jpg
JMFernandesEU,Portugal,FERNANDES José Manuel, http://pbs.twimg.com/profile_images/515426688369299456/XbWmRSg6_200x200.jpeg
Gerbrandy,Netherlands,GERBRANDY Gerben-Jan, http://pbs.twimg.com/profile_images/481731846976180225/8qrLL8UX_200x200.jpeg
BendtEU,Denmark,BENDTSEN Bendt, http://pbs.twimg.com/profile_images/468714055100665856/UwOc_U8y_200x200.jpeg
danutahuebner,Poland,HÜBNER Danuta Maria, http://pbs.twimg.com/profile_images/846398229499596800/mUrjua-d_200x200.jpg
CarlosCoelhoPE,Portugal,COELHO Carlos, http://pbs.twimg.com/profile_images/791288382571905024/ZnnMlxxa_200x200.jpg
yjadot,France,JADOT Yannick, http://pbs.twimg.com/profile_images/856200749163872257/bxZ-l1fZ_200x200.jpg
petras_petras,Lithuania,AUŠTREVIČIUS Petras, http://pbs.twimg.com/profile_images/412673659992428545/Khd7fs_1_200x200.jpeg
PaulRuebig,Austria,RÜBIG Paul, http://pbs.twimg.com/profile_images/3506502604/f899ef6a0d73df42a4e5a95df0618fc1_200x200.jpeg
Kalniete,Latvia,KALNIETE Sandra, http://pbs.twimg.com/profile_images/378800000794057076/7d19ad0f4c5044e5c4d5c9a3cab1864f_200x200.jpeg
MJRLdeGraaff,Netherlands,GRAAFF Marcel de, http://pbs.twimg.com/profile_images/737992533750517762/19R2H_Ep_200x200.jpg
M_AndersonSF,United Kingdom,ANDERSON Martina, http://pbs.twimg.com/profile_images/845335812996763650/IaR97cyD_200x200.jpg
louis_aliot,France,ALIOT Louis, http://pbs.twimg.com/profile_images/747361883695480832/rz64j-mu_200x200.jpg
LolaPodemos,Spain,SÁNCHEZ CALDENTEY Lola, http://pbs.twimg.com/profile_images/855825097973796865/__H8unMc_200x200.jpg
androulakisnick,Greece,ANDROULAKIS Nikos, http://pbs.twimg.com/profile_images/735115673093832704/ptz4ua9U_200x200.jpg
BirgitSippelMEP,Germany,SIPPEL Birgit, http://pbs.twimg.com/profile_images/378800000109686896/5395eafbee98f9b73ea4a63cab6caeb2_200x200.jpeg
edouardmartinEU,France,MARTIN Edouard, http://pbs.twimg.com/profile_images/512151080193769472/v830sCTB_200x200.jpeg
AmjadBashirMEP,United Kingdom,BASHIR Amjad, http://pbs.twimg.com/profile_images/807577459113787393/7qJton-Y_200x200.jpg
RichardAshMEP,United Kingdom,ASHWORTH Richard, http://pbs.twimg.com/profile_images/733186116854124544/rh0XvHl7_200x200.jpg
ConstanzeKrehl,Germany,KREHL Constanze, http://pbs.twimg.com/profile_images/441190745840422914/Bq4NcGNl_200x200.jpeg
NChildersMEP,Ireland,CHILDERS Nessa, http://pbs.twimg.com/profile_images/717009350171078658/NDisHgn2_200x200.jpg
LieveWierinck,Belgium,WIERINCK Lieve, http://pbs.twimg.com/profile_images/750683384431648768/PYXKL3T4_200x200.jpg
DanielaAiuto,Italy,AIUTO Daniela, http://pbs.twimg.com/profile_images/830040150986149894/Gpp5KXxt_200x200.jpg
RJaureguiA,Spain,JÁUREGUI ATONDO Ramón, http://pbs.twimg.com/profile_images/590865982954016768/1btlQYtv_200x200.png
DominiqueBilde,France,BILDE Dominique, http://pbs.twimg.com/profile_images/755795501635764224/eRKZWDdA_200x200.jpg
AnaGomesMEP,Portugal,GOMES Ana, http://pbs.twimg.com/profile_images/344513261577600759/b828911f09b5472f6927a5d7b12a6bc0_200x200.jpeg
JeanMarieCAVADA,France,CAVADA Jean-Marie, http://pbs.twimg.com/profile_images/732969240224010241/7JPkJ4ey_200x200.jpg
cmonteiroaguiar,Portugal,MONTEIRO DE AGUIAR Cláudia, http://pbs.twimg.com/profile_images/455857633581608960/G5y94ZsT_200x200.jpeg
jhuitema,Netherlands,HUITEMA Jan, http://pbs.twimg.com/profile_images/593338413593550848/lWBa4Eqz_200x200.jpg
M_Kefalogiannis,Greece,KEFALOGIANNIS Manolis, http://pbs.twimg.com/profile_images/559688082513866753/TsLmkgpU_200x200.jpeg
borrellidavid,Italy,BORRELLI David, http://pbs.twimg.com/profile_images/823963423885107200/JwMHXcbI_200x200.jpg
marijana_petir,Croatia,PETIR Marijana, http://pbs.twimg.com/profile_images/638976416198098944/TTWi22Cq_200x200.jpg
SergeiStanishev,Bulgaria,STANISHEV Sergei, http://pbs.twimg.com/profile_images/735551687730077696/ojFLUW_n_200x200.jpg
BalasGuillaume,France,BALAS Guillaume,http://pbs.twimg.com/profile_images/471924142791745536/cq2_05C8_200x200.jpeg
JonathanArnott,United Kingdom,ARNOTT Jonathan, http://pbs.twimg.com/profile_images/801064674246688768/GQZsFaVl_200x200.jpg
GiuliaMoi_M5S,Italy,MOI Giulia, http://pbs.twimg.com/profile_images/553226873400881152/thdjqAfl_200x200.png
franckproust,France,PROUST Franck, http://pbs.twimg.com/profile_images/754066445051502592/3Q9bEhSJ_200x200.jpg
EuropaJens,Germany,GEIER Jens, http://pbs.twimg.com/profile_images/845267158913486850/OSCCkfsr_200x200.jpg
MariaHeubuch,Germany,HEUBUCH Maria, http://pbs.twimg.com/profile_images/649609097218760704/d8qjsbuA_200x200.png
NilsTorvalds,Finland,TORVALDS Nils, http://pbs.twimg.com/profile_images/747334157970214912/4EZJb8UV_200x200.jpg
LucyAndersonMEP,United Kingdom,ANDERSON Lucy, http://pbs.twimg.com/profile_images/504309485112815616/ykMTYMZS_200x200.jpeg
HelmutScholzMEP,Germany,SCHOLZ Helmut, http://pbs.twimg.com/profile_images/603617521401470977/Y_EgDfgr_200x200.jpg
MargreteAuken,Denmark,AUKEN Margrete, http://pbs.twimg.com/profile_images/378800000505811294/265f67984354d969f85e2134ee84698f_200x200.jpeg
papadimoulis,Greece,PAPADIMOULIS Dimitrios, http://pbs.twimg.com/profile_images/527813822388527106/jXoqG8oL_200x200.jpeg
YanaToom,Estonia,TOOM Yana, http://pbs.twimg.com/profile_images/523038872515530753/pyw-4XyJ_200x200.jpeg
ddalton40,United Kingdom,DALTON Daniel, http://pbs.twimg.com/profile_images/569877844742774784/AfnM2ku4_200x200.jpeg
MEPDanielBuda,Romania,BUDA Daniel, http://pbs.twimg.com/profile_images/649564983320178689/7b2PJhk-_200x200.jpg
Emil_Radev,Bulgaria,RADEV Emil, http://pbs.twimg.com/profile_images/580061743612723200/MiQvu3P2_200x200.jpg
davidmartinmep,United Kingdom,MARTIN David, http://pbs.twimg.com/profile_images/752518257966456832/KWQdLF_7_200x200.jpg
BZdrojewski,Poland,ZDROJEWSKI Bogdan Andrzej, http://pbs.twimg.com/profile_images/737891617626062849/GnvPDikA_200x200.jpg
1PavelSvoboda,Czech Republic,SVOBODA Pavel, http://pbs.twimg.com/profile_images/479972402185515008/zKgq833w_200x200.jpeg
renatabriano,Italy,BRIANO Renata, http://pbs.twimg.com/profile_images/809322986679443456/5DV6Q4wl_200x200.jpg
EvzenTosenovsky,Czech Republic,TOŠENOVSKÝ Evžen, http://pbs.twimg.com/profile_images/567270015024365568/ZxI4g1-f_200x200.jpeg
GlenisWillmott,United Kingdom,WILLMOTT Dame Glenis, http://pbs.twimg.com/profile_images/782898304820674560/YOK5zAyF_200x200.jpg
FMCastaldo,Italy,CASTALDO Fabio Massimo, http://pbs.twimg.com/profile_images/506487038917373954/EIZ1Vq7m_200x200.jpeg
LindaMcAvanMEP,United Kingdom,McAVAN Linda, http://pbs.twimg.com/profile_images/755321530394050560/P53-Z2Mi_200x200.jpg
othmar_karas,Austria,KARAS Othmar, http://pbs.twimg.com/profile_images/524275302675922944/SkHkdGIO_200x200.jpeg
JFJalkh,France,JALKH Jean-François, http://pbs.twimg.com/profile_images/737295092902428672/Yb3TgJFz_200x200.jpg
franzobermayr,Austria,OBERMAYR Franz, http://pbs.twimg.com/profile_images/2162179093/96981_200x200.jpg
DantiNicola,Italy,DANTI Nicola, http://pbs.twimg.com/profile_images/805757561584709632/qvKBMnDC_200x200.jpg
MicheleRivasi,France,RIVASI Michèle, http://pbs.twimg.com/profile_images/799625909741506560/Ws9mxAg4_200x200.jpg
fernandoruas,Portugal,RUAS Fernando, http://pbs.twimg.com/profile_images/306894073/vpsd_200x200.png
kkuneva,Greece,KUNEVA Kostadinka, http://pbs.twimg.com/profile_images/801070804523950080/HjM7EygW_200x200.jpg
tamburrano,Italy,TAMBURRANO Dario, http://pbs.twimg.com/profile_images/782702820646531073/C6uARjlN_200x200.jpg
NagyJozsefEU,Slovakia,NAGY József, http://pbs.twimg.com/profile_images/575950378409201664/F7_aHDqq_200x200.jpeg
palomalopezB,Spain,LÓPEZ BERMEJO Paloma, http://pbs.twimg.com/profile_images/854285780210069509/p75n8mwU_200x200.jpg
StetinaEP,Czech Republic,ŠTĚTINA Jaromír, http://pbs.twimg.com/profile_images/711950690579394560/9oH9NoeM_200x200.jpg
balcytis,Lithuania,BALČYTIS Zigmantas, http://pbs.twimg.com/profile_images/150316374/XI-100-S20090105-001_200x200.jpg
TheodorStolojan,Romania,STOLOJAN Theodor Dumitru, http://pbs.twimg.com/profile_images/378800000798517574/64e078c74379cd21a6989476b9e522a0_200x200.jpeg
matteosalvinimi,Italy,SALVINI Matteo, http://pbs.twimg.com/profile_images/806080969581166592/aiStGDwt_200x200.jpg
Troszczynski_FN,France,TROSZCZYNSKI Mylène, http://pbs.twimg.com/profile_images/793839711068512256/2_2_BKaO_200x200.jpg
datirachida,France,DATI Rachida, http://pbs.twimg.com/profile_images/1705548276/image_200x200.jpg
ElenaValenciano,Spain,VALENCIANO Elena, http://pbs.twimg.com/profile_images/741021050339758080/7T_FkvUX_200x200.jpg
VickyMaeijer,Netherlands,MAEIJER Vicky, http://pbs.twimg.com/profile_images/560394405178515456/DLSErWm__200x200.jpeg
ellyesse,Italy,SCHLEIN Elly, http://pbs.twimg.com/profile_images/758999989209051136/lzF4qDOB_200x200.jpg
ZeljanaZovko,Croatia,ZOVKO Željana, http://pbs.twimg.com/profile_images/456885667037868032/bNUBAKOI_200x200.jpeg
knufleckenstein,Germany,FLECKENSTEIN Knut, http://pbs.twimg.com/profile_images/73131262/Fleckenstein_Knut_presse-thumbnail_200x200.jpg
KarimaDelli,France,DELLI Karima, http://pbs.twimg.com/profile_images/800120190818283521/hN73ZHLl_200x200.jpg
f_philippot,France,PHILIPPOT Florian, http://pbs.twimg.com/profile_images/804775545347121152/whJKdgsu_200x200.jpg
delcastillop,Spain,CASTILLO VERA Pilar del, http://pbs.twimg.com/profile_images/580442384/Foto_Twitter_200x200.jpg
WestphalKerstin,Germany,WESTPHAL Kerstin, http://pbs.twimg.com/profile_images/595597708460720129/0GI2VdXM_200x200.jpg
MargotLJParker,United Kingdom,PARKER Margot, http://pbs.twimg.com/profile_images/567002451304120320/wpo6YwSY_200x200.jpeg
UlrikeRodust,Germany,RODUST Ulrike, http://pbs.twimg.com/profile_images/816281108476231680/ZEL-l7Uw_200x200.jpg
JakopDalunde,Sweden,DALUNDE Jakop, http://pbs.twimg.com/profile_images/800640058252525568/OTE1B8_N_200x200.jpg
blochbihler,Germany,LOCHBIHLER Barbara, http://pbs.twimg.com/profile_images/553560660198436864/68HEZtXH_200x200.jpeg
NathanGillMEP,United Kingdom,GILL Nathan, http://pbs.twimg.com/profile_images/833115293262168064/ckxipzAu_200x200.jpg
simonabonafe,Italy,BONAFÈ Simona, http://pbs.twimg.com/profile_images/841713908725477380/qDzCkruO_200x200.jpg
BartStaes,Belgium,STAES Bart, http://pbs.twimg.com/profile_images/480389430608277504/B4klyzD-_200x200.jpeg
istvan_ujhelyi,Hungary,UJHELYI István, http://pbs.twimg.com/profile_images/705012491550588931/VExseLTK_200x200.jpg
udovoigt,Germany,VOIGT Udo, http://pbs.twimg.com/profile_images/889587913/Voigt_srg_200x200.jpg
kmujazdowski,Poland,UJAZDOWSKI Kazimierz Michał, http://pbs.twimg.com/profile_images/809774804714881024/fTeVUbCh_200x200.jpg
NikosChountis,Greece,CHOUNTIS Nikolaos, http://pbs.twimg.com/profile_images/467015238533906432/A-yQZgP2_200x200.jpeg
MonikaFlaBenova,Slovakia,FLAŠÍKOVÁ BEŇOVÁ Monika, http://pbs.twimg.com/profile_images/3538229833/19cf02133ae188cd9c26a7264a2a05d8_200x200.jpeg
SebDance,United Kingdom,DANCE Seb, http://pbs.twimg.com/profile_images/762557647786745856/KDr4IAkz_200x200.jpg
xabierbenito,Spain,BENITO ZILUAGA Xabier, http://pbs.twimg.com/profile_images/785454787957522432/elraz2lB_200x200.jpg
jaatteenmaki,Finland,JÄÄTTEENMÄKI Anneli, http://pbs.twimg.com/profile_images/1815061176/Twitter_photo_200x200.JPG
profKarski,Poland,KARSKI Karol, http://pbs.twimg.com/profile_images/458016607558569984/7SSu38bq_200x200.jpeg
LidiaSenra,Spain,SENRA RODRÍGUEZ Maria Lidia, http://pbs.twimg.com/profile_images/662229721371926528/ICu_hpuk_200x200.jpg
KaufmannSylvia,Germany,KAUFMANN Sylvia-Yvonne, http://pbs.twimg.com/profile_images/430413302632816641/xOQ6sXQJ_200x200.jpeg
ph_lamberts,Belgium,LAMBERTS Philippe, http://pbs.twimg.com/profile_images/856499139970027520/uSy5l8Sf_200x200.jpg
AntonioPanzeri,Italy,PANZERI Pier Antonio, http://pbs.twimg.com/profile_images/705840346102702082/fuAta_Ny_200x200.jpg
MarcusPretzell,Germany,PRETZELL Marcus, http://pbs.twimg.com/profile_images/811910109312020480/Iraylidk_200x200.jpg
DeirdreCluneMEP,Ireland,CLUNE Deirdre, http://pbs.twimg.com/profile_images/825332349898469376/jKivYdF__200x200.jpg
EleonoraEvi,Italy,EVI Eleonora, http://pbs.twimg.com/profile_images/701126716157251585/FWXbrBHD_200x200.jpg
andreykovatchev,Bulgaria,KOVATCHEV Andrey, http://pbs.twimg.com/profile_images/3519651984/27511f7487996dcc5bf56a737221b07b_200x200.jpeg
thaendel,Germany,HÄNDEL Thomas, http://pbs.twimg.com/profile_images/731153897050492928/bB5qG_Cz_200x200.jpg
libertarofuturo,Portugal,RANGEL Paulo, http://pbs.twimg.com/profile_images/705954665/foto_200x200.jpg
charanzova,Czech Republic,CHARANZOVÁ Dita, http://pbs.twimg.com/profile_images/796313629884817409/XjXOO8NN_200x200.jpg
lukeming,Ireland,FLANAGAN Luke Ming, http://pbs.twimg.com/profile_images/850033749865771009/eiZiGtbg_200x200.jpg
MartinaWernerEU,Germany,WERNER Martina, http://pbs.twimg.com/profile_images/844832363561439233/2zXGDndO_200x200.jpg
dubravkasuica,Croatia,ŠUICA Dubravka, http://pbs.twimg.com/profile_images/463593526287036416/_fTf0-7o_200x200.jpeg
LefChristoforou,Cyprus,CHRISTOFOROU Lefteris, http://pbs.twimg.com/profile_images/728224171864383489/_oMVsSH6_200x200.jpg
toiapatrizia,Italy,TOIA Patrizia, http://pbs.twimg.com/profile_images/527842488757649410/8Mt4yQfu_200x200.jpeg
DamianoZoffoli,Italy,ZOFFOLI Damiano, http://pbs.twimg.com/profile_images/572087859441741824/zWJvpG8O_200x200.jpeg
GabiZimmerMEP,Germany,ZIMMER Gabriele, http://pbs.twimg.com/profile_images/456498222513405952/9K8mUAoZ_200x200.jpeg
AlynSmithMEP,United Kingdom,SMITH Alyn, http://pbs.twimg.com/profile_images/786934970967330816/n4YFvmHS_200x200.jpg
LauristinMarju,Estonia,LAURISTIN Marju, http://pbs.twimg.com/profile_images/583560083369517056/WxH6tpnR_200x200.jpg
Konecna_K,Czech Republic,KONEČNÁ Kateřina, http://pbs.twimg.com/profile_images/832176255609032706/HzUUJj9D_200x200.jpg
TerryReintke,Germany,REINTKE Terry, http://pbs.twimg.com/profile_images/596596473552220161/36Ihhxbx_200x200.jpg
EduardKukan,Slovakia,KUKAN Eduard, http://pbs.twimg.com/profile_images/844593383079395328/ClsL-ARr_200x200.jpg
GabrielMariya,Bulgaria,GABRIEL Mariya, http://pbs.twimg.com/profile_images/378800000664954171/08ff70798bd40b96be375d7ef968634d_200x200.jpeg
mercedesbresso,Italy,BRESSO Mercedes, http://pbs.twimg.com/profile_images/845212109159981056/2aQFUGTu_200x200.jpg
J_Lewandowski,Poland,LEWANDOWSKI Janusz, http://pbs.twimg.com/profile_images/466247541307101185/JC6XsnP9_200x200.jpeg
bueti,Germany,BÜTIKOFER Reinhard, http://pbs.twimg.com/profile_images/448209649976606720/wjh-akYR_200x200.jpeg
MaxAndersson,Sweden,ANDERSSON Max, http://pbs.twimg.com/profile_images/456516747210682368/WIccXwGD_200x200.png
Andreas_Schwab,Germany,SCHWAB Andreas, http://pbs.twimg.com/profile_images/846347257742049281/tLkC3n5v_200x200.jpg
CzSiekierski,Poland,SIEKIERSKI Czesław Adam, http://pbs.twimg.com/profile_images/450992035537747968/2paMncrx_200x200.jpeg
brianhayesMEP,Ireland,HAYES Brian, http://pbs.twimg.com/profile_images/510336085998587905/N41aGK4__200x200.jpeg
CarolinaPunset,Spain,PUNSET Carolina, http://pbs.twimg.com/profile_images/848883810079059969/QE68-EvX_200x200.jpg
spietikainen,Finland,PIETIKÄINEN Sirpa, http://pbs.twimg.com/profile_images/422714405315284992/0Jgz9dqU_200x200.jpeg
JuttaSteinruck,Germany,STEINRUCK Jutta, http://pbs.twimg.com/profile_images/855002775150874624/j13RtEmb_200x200.jpg
elena_gentile,Italy,GENTILE Elena, http://pbs.twimg.com/profile_images/631883076591845376/ca3hk4Fu_200x200.jpg
Tatjana_Zdanoka,Latvia,ŽDANOKA Tatjana, http://pbs.twimg.com/profile_images/3446663119/01bd2a5d69ee81f18914acb6cf995d27_200x200.jpeg
derekvaughan,United Kingdom,VAUGHAN Derek, http://pbs.twimg.com/profile_images/784397608513044480/BfyOO6En_200x200.jpg
sionsimon,United Kingdom,SIMON Siôn, http://pbs.twimg.com/profile_images/780135174570909696/EdvPntvv_200x200.jpg
MeszericsT,Hungary,MESZERICS Tamás, http://pbs.twimg.com/profile_images/3361201216/efbe0e211acbeffc6e855082b04c0559_200x200.jpeg
NicolaCaputo,Italy,CAPUTO Nicola, http://pbs.twimg.com/profile_images/806026473257766912/ykHdWBr9_200x200.jpg
davidmcallister,Germany,McALLISTER David, http://pbs.twimg.com/profile_images/2910011969/2ab50d17f6168c9aaf7b10a6e0091eb2_200x200.jpeg
marctarabella,Belgium,TARABELLA Marc, http://pbs.twimg.com/profile_images/910324885/marc_facebook_200x200.jpg
zalaboris,Slovakia,ZALA Boris, http://pbs.twimg.com/profile_images/554593642283675649/tqaYNFPo_200x200.jpeg
Vincent_Peillon,France,PEILLON Vincent, http://pbs.twimg.com/profile_images/818128465228660737/WiATrnRX_200x200.jpg
SantAlfred,Malta,SANT Alfred, http://pbs.twimg.com/profile_images/378800000069039147/96a5877dbb78946fea3c92c300a0c96e_200x200.jpeg
ghokmark,Sweden,HÖKMARK Gunnar, http://pbs.twimg.com/profile_images/1859879219/Twitter_200x200.jpg
ElmarBrok_MEP,Germany,BROK Elmar, http://pbs.twimg.com/profile_images/531740944907788288/qxg4AUY1_200x200.jpeg
rinakari,Denmark,KARI Rina Ronja, http://pbs.twimg.com/profile_images/706954225536917504/rPi1qePH_200x200.jpg
EGardini,Italy,GARDINI Elisabetta, http://pbs.twimg.com/profile_images/1622074893/n1082643232_30255794_7181385_200x200.jpg
msojdrova,Czech Republic,ŠOJDROVÁ Michaela, http://pbs.twimg.com/profile_images/841596066126544896/Ix1ai1ba_200x200.jpg
DavidSassoli,Italy,SASSOLI David-Maria, http://pbs.twimg.com/profile_images/829097393421324288/kwC-zo6q_200x200.jpg
jmterricabras,Spain,TERRICABRAS Josep-Maria, http://pbs.twimg.com/profile_images/608675209021751296/qeM75eAY_200x200.jpg
HuguesBayet,Belgium,BAYET Hugues, http://pbs.twimg.com/profile_images/846379199917166592/83um01bR_200x200.jpg
Ladaktusson,Sweden,ADAKTUSSON Lars, http://pbs.twimg.com/profile_images/714442598769885184/HBZ9wcQY_200x200.jpg
LNBDublin,Ireland,BOYLAN Lynn, http://pbs.twimg.com/profile_images/852070405619810304/VVfOZ-0I_200x200.jpg
RobertaMetsola,Malta,METSOLA Roberta, http://pbs.twimg.com/profile_images/779609345109725184/8TP28niQ_200x200.jpg
AndorDeli,Hungary,DELI Andor, http://pbs.twimg.com/profile_images/686848825739325440/ii53kfi9_200x200.jpg
MaleticIvana,Croatia,MALETIĆ Ivana, http://pbs.twimg.com/profile_images/378800000082259835/b35b857085bde27c7d94556da2267390_200x200.jpeg
LouisMichel,Belgium,MICHEL Louis, http://pbs.twimg.com/profile_images/571360643437969408/jJdMLtqf_200x200.jpeg
szanyitibor,Hungary,SZANYI Tibor, http://pbs.twimg.com/profile_images/620305930/SZANYITWITTER_200x200.jpg
GoffredoBettini,Italy,BETTINI Goffredo Maria, http://pbs.twimg.com/profile_images/534403896790114305/uYvUVyxB_200x200.jpeg
PaulBrannenNE,United Kingdom,BRANNEN Paul, http://pbs.twimg.com/profile_images/750707595372027905/tfowMKcj_200x200.jpg
Mariearenaps,Belgium,ARENA Maria, http://pbs.twimg.com/profile_images/563353197712908288/bb7JPkLo_200x200.jpeg
DCBMEP,United Kingdom,CAMPBELL BANNERMAN David, http://pbs.twimg.com/profile_images/3216419961/c7bd43731cbae7e5d0ceb695e92d8b4b_200x200.jpeg
TonyGuoga,Lithuania,GUOGA Antanas, http://pbs.twimg.com/profile_images/667642465659150336/x6eBMIvh_200x200.jpg
RebHarms,Germany,HARMS Rebecca, http://pbs.twimg.com/profile_images/378800000855305851/d3cfcd790ca048992d11184bb8ef1499_200x200.jpeg
JoseFariaMEP,Portugal,FARIA José Inácio, http://pbs.twimg.com/profile_images/657154840670380032/Y_rqrtqT_200x200.jpg
josebove,France,BOVÉ José, http://pbs.twimg.com/profile_images/722328178828668928/veJoH17r_200x200.jpg
CharlesTannock,United Kingdom,TANNOCK Charles, http://pbs.twimg.com/profile_images/856509694826991616/6_WnpWu2_200x200.jpg
nicolasbayfn,France,BAY Nicolas, http://pbs.twimg.com/profile_images/776430875512827904/P2Im--lm_200x200.jpg
RodriguezPinero,Spain,RODRÍGUEZ-PIÑERO FERNÁNDEZ Inmaculada, http://pbs.twimg.com/profile_images/672536441969332226/jlWrPxMN_200x200.jpg
AdamGierek,Poland,GIEREK Adam, http://pbs.twimg.com/profile_images/461110526185963521/hh3sGTLl_200x200.jpeg
ClaraAguilera7,Spain,AGUILERA GARCÍA Clara Eugenia, http://pbs.twimg.com/profile_images/715901136864210944/KyNYCK9a_200x200.jpg
CharlesGoerens,Luxembourg,GOERENS Charles, http://pbs.twimg.com/profile_images/697708378194386944/NjYZEroK_200x200.jpg
TrebesiusMdEP,Germany,TREBESIUS Ulrike, http://pbs.twimg.com/profile_images/786002270240595968/3c9XOk6x_200x200.jpg
SkaKeller,Germany,KELLER Ska, http://pbs.twimg.com/profile_images/657455883149025280/eLFRRpRH_200x200.jpg
giannipittella,Italy,PITTELLA Gianni, http://pbs.twimg.com/profile_images/821627962449657857/kQZAUC2L_200x200.jpg
SofiaHRibeiro,Portugal,RIBEIRO Sofia, http://pbs.twimg.com/profile_images/489456725783625728/nVrl6Em4_200x200.jpeg
IneseVaidere,Latvia,VAIDERE Inese, http://pbs.twimg.com/profile_images/785799258423304193/u0VgrHh__200x200.jpg
ASanderMEP,France,SANDER Anne, http://pbs.twimg.com/profile_images/845266650563854336/Iycih7Tv_200x200.jpg
woelken,Germany,WÖLKEN Tiemo, http://pbs.twimg.com/profile_images/819532949121040384/yblx-CRn_200x200.jpg
Weidenholzer,Austria,WEIDENHOLZER Josef, http://pbs.twimg.com/profile_images/644506785357783041/oXnLu0ok_200x200.jpg
andicristeamep,Romania,CRISTEA Andi, http://pbs.twimg.com/profile_images/524275468229308418/0IQ0g-o7_200x200.jpeg
AnnaMariaCB,Sweden,CORAZZA BILDT Anna Maria, http://pbs.twimg.com/profile_images/837297280738816000/YyjSFrcL_200x200.jpg
EmmaMcClarkin,United Kingdom,McCLARKIN Emma, http://pbs.twimg.com/profile_images/753132212527267840/_FGgco_-_200x200.jpg
MCArnautu,France,ARNAUTU Marie-Christine, http://pbs.twimg.com/profile_images/667334138731634688/VAPzgh_B_200x200.jpg
DJazlowiecka,Poland,JAZŁOWIECKA Danuta, http://pbs.twimg.com/profile_images/462169296987103232/1653byF-_200x200.jpeg
SantiagoFisas,Spain,FISAS AYXELÀ Santiago, http://pbs.twimg.com/profile_images/2388348541/re6i9gz0py3r40w0b36i_200x200.jpeg
pinapic,Italy,PICIERNO Pina, http://pbs.twimg.com/profile_images/816001491005751297/APCxm-Ux_200x200.jpg
Catalin_Ivan,Romania,IVAN Cătălin Sorin, http://pbs.twimg.com/profile_images/511921622316761088/QDkq3hUV_200x200.jpeg
BerndLucke,Germany,LUCKE Bernd, http://pbs.twimg.com/profile_images/828984143153360901/nJk1v5WC_200x200.jpg
markuspieperMEP,Germany,PIEPER Markus, http://pbs.twimg.com/profile_images/557479172256194561/6F1rsS4X_200x200.jpeg
VioricaDancila,Romania,DĂNCILĂ Viorica, http://pbs.twimg.com/profile_images/554637038935224320/nhAwuS20_200x200.jpeg
Hetman_K,Poland,HETMAN Krzysztof, http://pbs.twimg.com/profile_images/747767288447770624/lf3wsbKE_200x200.jpg
UliMuellerMdEP,Germany,MÜLLER Ulrike, http://pbs.twimg.com/profile_images/842312174320140289/FzTc5WK3_200x200.jpg
PatricijaSulin,Slovenia,ŠULIN Patricija, http://pbs.twimg.com/profile_images/822060267035066368/Ro8wCvoO_200x200.jpg
Alberto_Cirio,Italy,CIRIO Alberto, http://pbs.twimg.com/profile_images/667671748716834816/retgC4-__200x200.jpg
Sylvie_Goddyn,France,GODDYN Sylvie, http://pbs.twimg.com/profile_images/746407923383934976/46Le3mId_200x200.jpg
sylvieguillaume,France,GUILLAUME Sylvie, http://pbs.twimg.com/profile_images/803154128088236032/qcZxxWzw_200x200.jpg
Jude_KD,United Kingdom,KIRTON-DARLING Jude, http://pbs.twimg.com/profile_images/746614962886443008/QKw4JuFE_200x200.jpg
petervdalen,Netherlands,DALEN Peter van, http://pbs.twimg.com/profile_images/717335108504555520/jGBvqq6H_200x200.jpg
kajakallas,Estonia,KALLAS Kaja, http://pbs.twimg.com/profile_images/592643424685314049/E8UB9QaF_200x200.jpg
clauderolin,Belgium,ROLIN Claude, http://pbs.twimg.com/profile_images/509308573663240194/ZnOZeoHX_200x200.jpeg
lepenjm,France,LE PEN Jean-Marie, http://pbs.twimg.com/profile_images/656881004620193792/J5RpIYFJ_200x200.png
SchaldemoseMEP,Denmark,SCHALDEMOSE Christel, http://pbs.twimg.com/profile_images/473360811013185536/mwY6m2V8_200x200.jpeg
Isabel_thomasEU,France,THOMAS Isabelle, http://pbs.twimg.com/profile_images/844921695127441408/TEOA0Yi4_200x200.jpg
GrosseteteF,France,GROSSETÊTE Françoise, http://pbs.twimg.com/profile_images/776044712897773569/I0MacX08_200x200.jpg
anthea_mcintyre,United Kingdom,McINTYRE Anthea, http://pbs.twimg.com/profile_images/378800000025548554/6ffada2168ecc32ed3dbfbb736d712b2_200x200.jpeg
miromikolasik,Slovakia,MIKOLÁŠIK Miroslav, http://pbs.twimg.com/profile_images/3176560752/6cc3f76539aadbdbeaf80f2a534110df_200x200.jpeg
ayuso_pilar,Spain,AYUSO Pilar, http://pbs.twimg.com/profile_images/517810668083613696/miSB8UDN_200x200.jpeg
ComodiniCachia,Malta,COMODINI CACHIA Therese, http://pbs.twimg.com/profile_images/521588134920736770/rIPF7gSe_200x200.jpeg
TadeuszZwiefka,Poland,ZWIEFKA Tadeusz, http://pbs.twimg.com/profile_images/454910718702125056/2TmpYzUF_200x200.jpeg
e_ferrand,France,FERRAND Edouard, http://pbs.twimg.com/profile_images/845021257443786753/DgiiHn2p_200x200.jpg
jasenkos,Sweden,SELIMOVIC Jasenko, http://pbs.twimg.com/profile_images/448548316725276672/fP4btE9t_200x200.jpeg
MJRodriguesEU,Portugal,RODRIGUES Maria João, http://pbs.twimg.com/profile_images/629738535390707713/MSRCsChw_200x200.jpg
czorrinho,Portugal,ZORRINHO Carlos, http://pbs.twimg.com/profile_images/660855609974214657/BMHaK7ZD_200x200.jpg
emorinchartier,France,MORIN-CHARTIER Elisabeth, http://pbs.twimg.com/profile_images/806169590187360257/k961f-pv_200x200.jpg
HeidiHautala,Finland,HAUTALA Heidi, http://pbs.twimg.com/profile_images/666262823316623360/JEitUZXh_200x200.jpg
indrektarand,Estonia,TARAND Indrek, http://pbs.twimg.com/profile_images/183003537/2581_1061292934392_1287991962_30310591_3111060_n_200x200.jpg
GiorgosKyrtsos,Greece,KYRTSOS Georgios, http://pbs.twimg.com/profile_images/2582127664/z76e09ow6xckkcicxelr_200x200.jpeg
MarkusFerber,Germany,FERBER Markus, http://pbs.twimg.com/profile_images/378800000571948558/05d81d8965f59da4c542417d942c9718_200x200.jpeg
Senficon,Germany,REDA Julia, http://pbs.twimg.com/profile_images/637016870638350336/QrtPmoul_200x200.jpg
Arne_Gericke,Germany,GERICKE Arne, http://pbs.twimg.com/profile_images/507515302850990081/-SqKS3lt_200x200.jpeg
RCorbettMEP,United Kingdom,CORBETT Richard, http://pbs.twimg.com/profile_images/674183055880273920/a9jrzC6o_200x200.png
vickyford,United Kingdom,FORD Vicky, http://pbs.twimg.com/profile_images/1531321382/Vicky_Ford_200x200.JPG
ValentinasMazu1,Lithuania,MAZURONIS Valentinas, http://pbs.twimg.com/profile_images/634660576132595712/OAge-UKo_200x200.jpg
WernerKuhnMdEP,Germany,KUHN Werner, http://pbs.twimg.com/profile_images/1338398936/Presse_Werner_Kuhn_200x200.jpg
JSeymourUKIP,United Kingdom,SEYMOUR Jill, http://pbs.twimg.com/profile_images/728321711528136706/Q1bUI_UN_200x200.jpg
MariaGrapini,Romania,GRAPINI Maria, http://pbs.twimg.com/profile_images/684037122530131969/j_FOWUVP_200x200.jpg
jfostermep,United Kingdom,FOSTER Jacqueline, http://pbs.twimg.com/profile_images/769173140576632832/cdEllczp_200x200.jpg
HTakkula,Finland,TAKKULA Hannu, http://pbs.twimg.com/profile_images/433921624006721536/qiBlLJJL_200x200.jpeg
MarleneMizzi,Malta,MIZZI Marlene, http://pbs.twimg.com/profile_images/483989344164646912/GjLpPcDx_200x200.jpeg
michelreimon,Austria,REIMON Michel, http://pbs.twimg.com/profile_images/831410062329516032/cANYJgrA_200x200.jpg
Lambsdorff,Germany,LAMBSDORFF Alexander Graf, http://pbs.twimg.com/profile_images/449133810290933760/8JRWYdpF_200x200.jpeg
EricAndrieuEU,France,ANDRIEU Eric, http://pbs.twimg.com/profile_images/826778317164527616/MzHD20pA_200x200.jpg
ckyenge,Italy,KYENGE Cécile Kashetu, http://pbs.twimg.com/profile_images/575062648426909696/ldrZqOiS_200x200.jpeg
gonzalezpons,Spain,GONZÁLEZ PONS Esteban, http://pbs.twimg.com/profile_images/2827981100/23b4bb21f34f039192297ae02de961bb_200x200.jpeg
AnnaHedh,Sweden,HEDH Anna, http://pbs.twimg.com/profile_images/784398781831716864/cJWw7jkw_200x200.jpg
olleludvigsson,Sweden,LUDVIGSSON Olle, http://pbs.twimg.com/profile_images/431508953386602496/Fr5wsYH__200x200.jpeg
Synadinos_Eleft,Greece,SYNADINOS Eleftherios, http://pbs.twimg.com/profile_images/787251143110000640/5O-LU5hn_200x200.jpg
DdJong,Netherlands,JONG Dennis de, http://pbs.twimg.com/profile_images/452133389869383681/ucIGclq9_200x200.png
danieleviotti,Italy,VIOTTI Daniele, http://pbs.twimg.com/profile_images/618496116376621056/9CryF6u8_200x200.jpg
krisjaniskarins,Latvia,KARIŅŠ Krišjānis, http://pbs.twimg.com/profile_images/828991832419872769/4YQCMhMi_200x200.jpg
stefanomaullu,Italy,MAULLU Stefano, http://pbs.twimg.com/profile_images/676302342053076992/ATqGX5xp_200x200.jpg
AnnelieseDodds,United Kingdom,DODDS Anneliese, http://pbs.twimg.com/profile_images/836160998029545472/A6MIR6zN_200x200.jpg
ZdzKrasnodebski,Poland,KRASNODĘBSKI Zdzisław, http://pbs.twimg.com/profile_images/843927771877392384/lbarvpG7_200x200.jpg
Josu_Juaristi,Spain,JUARISTI ABAUNZ Josu, http://pbs.twimg.com/profile_images/528111752202817536/f2cW_HF7_200x200.jpeg
JezekCZ,Czech Republic,JEŽEK Petr, http://pbs.twimg.com/profile_images/812002137374945281/nd1puttO_200x200.jpg
CvNieuwenhuizen,Netherlands,NIEUWENHUIZEN Cora van, http://pbs.twimg.com/profile_images/773148756086779905/A6jDvpJK_200x200.jpg
ClareMoodyMEP,United Kingdom,MOODY Clare, http://pbs.twimg.com/profile_images/794119147126976512/04xd7-uM_200x200.jpg
JoelleMelinFN,France,MÉLIN Joëlle, http://pbs.twimg.com/profile_images/849278188366815233/HqOAuSjv_200x200.jpg
thadjigeorgiou,Cyprus,HADJIGEORGIOU Takis, http://pbs.twimg.com/profile_images/607558996677922816/Rex8V1Ed_200x200.jpg
turcanu2014,Romania,ŢURCANU Mihai, http://pbs.twimg.com/profile_images/834056271691120640/LGHYsc68_200x200.jpg
RaffaeleFitto,Italy,FITTO Raffaele, http://pbs.twimg.com/profile_images/713867557388861441/5NTcqYqQ_200x200.jpg
SaudargasA,Lithuania,SAUDARGAS Algirdas, http://pbs.twimg.com/profile_images/430566541373886464/oLiCdxFC_200x200.jpeg
MarcoValliM5S,Italy,VALLI Marco, http://pbs.twimg.com/profile_images/706747025547776000/Hg9cAMhM_200x200.jpg
HerbertDorfmann,Italy,DORFMANN Herbert, http://pbs.twimg.com/profile_images/668804269059891200/EHx4QvjX_200x200.jpg
TomZdechovsky,Czech Republic,ZDECHOVSKÝ Tomáš, http://pbs.twimg.com/profile_images/683012742010269696/--_wVzfC_200x200.jpg
vilimsky,Austria,VILIMSKY Harald, http://pbs.twimg.com/profile_images/737611499200335876/AXmSO7GU_200x200.jpg
anjahazekamp,Netherlands,HAZEKAMP Anja, http://pbs.twimg.com/profile_images/839096317376933890/YZFyDFUy_200x200.jpg
Mdlabajova,Czech Republic,DLABAJOVÁ Martina, http://pbs.twimg.com/profile_images/492640348942778368/_QgMdN8a_200x200.jpeg
Beatrix_vStorch,Germany,STORCH Beatrix von, http://pbs.twimg.com/profile_images/807956156912111616/wuhYhF1l_200x200.jpg
momchilnekov,Bulgaria,NEKOV Momchil, http://pbs.twimg.com/profile_images/522889403056668673/QESq0BYP_200x200.jpeg
paulnuttallukip,United Kingdom,NUTTALL Paul, http://pbs.twimg.com/profile_images/806612904833351683/4vgckcBt_200x200.jpg
philippejuvin,France,JUVIN Philippe, http://pbs.twimg.com/profile_images/812251419713671168/vPdD_B2n_200x200.jpg
JLMelenchon,France,MÉLENCHON Jean-Luc, http://pbs.twimg.com/profile_images/846345918710460416/6_IxAsw9_200x200.jpg
AngelaVallina,Spain,VALLINA Ángela, http://pbs.twimg.com/profile_images/448074948448235520/vU2UeF-N_200x200.jpeg
JanAlbrecht,Germany,ALBRECHT Jan Philipp, http://pbs.twimg.com/profile_images/845201729268301824/HnFRke5N_200x200.jpg
Dr_KlausBuchner,Germany,BUCHNER Klaus, http://pbs.twimg.com/profile_images/519762024578822144/-K-DNu2r_200x200.jpeg
AndrejsMamikins,Latvia,MAMIKINS Andrejs, http://pbs.twimg.com/profile_images/750954476450750469/Q1JE7oit_200x200.jpg
RuzaTomasic,Croatia,TOMAŠIĆ Ruža, http://pbs.twimg.com/profile_images/797885981890318337/VH8Agdw2_200x200.jpg
GrzybAndrzej,Poland,GRZYB Andrzej, http://pbs.twimg.com/profile_images/850486553700958209/wxgnvWGr_200x200.jpg
schopflinMEP,Hungary,SCHÖPFLIN György, http://pbs.twimg.com/profile_images/456092894395248642/FA88vXMQ_200x200.jpeg
IzaskunBilbaoB,Spain,BILBAO BARANDICA Izaskun, http://pbs.twimg.com/profile_images/666320563829350400/vmpYsk7y_200x200.jpg
SteeveBriois,France,BRIOIS Steeve, http://pbs.twimg.com/profile_images/715814066263093248/qC9uJq2n_200x200.jpg
federley,Sweden,FEDERLEY Fredrick, http://pbs.twimg.com/profile_images/648576219873738754/PZ6vC-sh_200x200.jpg
dajcstomi,Hungary,DEUTSCH Tamás, http://pbs.twimg.com/profile_images/2694722392/e1f19dcbdac1482ce0f59404e72b6911_200x200.jpeg
robertszile,Latvia,ZĪLE Roberts, http://pbs.twimg.com/profile_images/486030940100362240/o2OMyvAq_200x200.jpeg
AxelVossMdEP,Germany,VOSS Axel, http://pbs.twimg.com/profile_images/489688865188610048/tSolLvyh_200x200.jpeg
jozorados,Croatia,RADOŠ Jozo, http://pbs.twimg.com/profile_images/699963120027070464/THvRcitk_200x200.jpg
KohlicekJaromir,Czech Republic,KOHLÍČEK Jaromír, http://pbs.twimg.com/profile_images/714774053777747968/TGkS-ZbF_200x200.jpg
DavidCasaMEP,Malta,CASA David, http://pbs.twimg.com/profile_images/719830982157811712/6deGQ7L9_200x200.jpg
Fontana3Lorenzo,Italy,FONTANA Lorenzo, http://pbs.twimg.com/profile_images/700704984875163649/gWBQ2ykQ_200x200.jpg
DMartinFN,France,MARTIN Dominique, http://pbs.twimg.com/profile_images/536896131263766528/OfnuA59I_200x200.jpeg
GoulardSylvie,France,GOULARD Sylvie, http://pbs.twimg.com/profile_images/469835654356926465/QI5gySRn_200x200.jpeg
luigi_morgano,Italy,MORGANO Luigi, http://pbs.twimg.com/profile_images/528244380482535424/WQQw0uEw_200x200.png
ClaudeMoraesMEP,United Kingdom,MORAES Claude, http://pbs.twimg.com/profile_images/789310708777259009/1jwX9Bft_200x200.jpg
ArneLietz,Germany,LIETZ Arne, http://pbs.twimg.com/profile_images/523044133447823360/lLFMDxON_200x200.jpeg
Jaakonsaari,Finland,JAAKONSAARI Liisa, http://pbs.twimg.com/profile_images/180925059/2009_Liisa_5_99T0955ter_web_200x200.jpg
juliegirling,United Kingdom,GIRLING Julie, http://pbs.twimg.com/profile_images/471938699345682432/fPymb4Jt_200x200.jpeg
javorbenedek,Hungary,JÁVOR Benedek, http://pbs.twimg.com/profile_images/527765730272346112/Syi4fAIc_200x200.jpeg
VictorBostinaru,Romania,BOŞTINARU Victor, http://pbs.twimg.com/profile_images/532930977593438209/EkY5kXHU_200x200.jpeg
LvNistelrooij,Netherlands,NISTELROOIJ Lambert van, http://pbs.twimg.com/profile_images/595952066746540032/3SxZcuzK_200x200.jpg
mattcarthy,Ireland,CARTHY Matt, http://pbs.twimg.com/profile_images/675325520201064448/5zqZKe4j_200x200.jpg
catherinemep,United Kingdom,BEARDER Catherine, http://pbs.twimg.com/profile_images/779037375238381569/kbYF7o6Z_200x200.jpg
maryhoneyball,United Kingdom,HONEYBALL Mary, http://pbs.twimg.com/profile_images/783345858377031680/fVGy5h7d_200x200.jpg
fgambus_eu,Spain,GAMBÚS Francesc, http://pbs.twimg.com/profile_images/846764362954084352/F9wfwhKp_200x200.jpg
DacianaSarbu,Romania,SÂRBU Daciana Octavia, http://pbs.twimg.com/profile_images/723062364262666240/_eq6Q4iv_200x200.jpg
MonikaVana,Austria,VANA Monika, http://pbs.twimg.com/profile_images/819133027586605057/Pc65oDwq_200x200.jpg
Pabriks,Latvia,PABRIKS Artis, http://pbs.twimg.com/profile_images/460743334042935297/MTQvC4Qe_200x200.jpeg
TraianUngureanu,Romania,UNGUREANU Traian, http://pbs.twimg.com/profile_images/2363999605/Traian-Ungureanu_200x200.jpg
sylikiotis,Cyprus,SYLIKIOTIS Neoklis, http://pbs.twimg.com/profile_images/608931546834300929/xUAMyhlt_200x200.jpg
MartinSonneborn,Germany,SONNEBORN Martin, http://pbs.twimg.com/profile_images/76827414/twitter_200x200.jpg
MrMesserschmidt,Denmark,MESSERSCHMIDT Morten, http://pbs.twimg.com/profile_images/2905667464/e889c172dc2cc26258c7c37e22277c3c_200x200.jpeg
gannemans,Belgium,ANNEMANS Gerolf, http://pbs.twimg.com/profile_images/766011104279527424/xkeowWT7_200x200.jpg
PervencheBeres,France,BERÈS Pervenche, http://pbs.twimg.com/profile_images/737954651530792960/9G6OvD00_200x200.jpg
brandobenifei,Italy,BENIFEI Brando, http://pbs.twimg.com/profile_images/540580094797185026/ANp9-wty_200x200.jpeg
fmarcellesi,Spain,MARCELLESI Florent, http://pbs.twimg.com/profile_images/724524281510682624/hQ-Qcks6_200x200.jpg
hreul,Germany,REUL Herbert, http://pbs.twimg.com/profile_images/794207320100245504/R6NHsldo_200x200.jpg
stanislavpolcak,Czech Republic,POLČÁK Stanislav, http://pbs.twimg.com/profile_images/449288901199278080/GkyiN7gA_200x200.jpeg
ALamassoure,France,LAMASSOURE Alain, http://pbs.twimg.com/profile_images/643729352560132096/TuVFGOjE_200x200.jpg
PatricielloAldo,Italy,PATRICIELLO Aldo, http://pbs.twimg.com/profile_images/557556940218195968/M8M3fJn__200x200.jpeg
Sergio_GP,Spain,GUTIÉRREZ PRIETO Sergio, http://pbs.twimg.com/profile_images/804401850845954052/LCZHhH3P_200x200.jpg
Steven_Woolfe,United Kingdom,WOOLFE Steven, http://pbs.twimg.com/profile_images/851761297058394112/3Fr9DRBn_200x200.jpg
peter_jahr,Germany,JAHR Peter, http://pbs.twimg.com/profile_images/581140184034623488/8shggKik_200x200.jpg
SofiaSakorafa,Greece,SAKORAFA Sofia, http://pbs.twimg.com/profile_images/473965505724678144/9E5pIChG_200x200.png
Fjellner,Sweden,FJELLNER Christofer, http://pbs.twimg.com/profile_images/795612986547273729/jYuxL0Ac_200x200.jpg
tfajon,Slovenia,FAJON Tanja, http://pbs.twimg.com/profile_images/836269329402507266/bcfFHQ1t_200x200.jpg
ivajgl,Slovenia,VAJGL Ivo, http://pbs.twimg.com/profile_images/378800000506652022/3e7367ea6bf661c0ad7dccd44a703173_200x200.png
Stefan_Eck_MEP,Germany,ECK Stefan, http://pbs.twimg.com/profile_images/786575061109137409/42haQFNT_200x200.jpg
SorayaPostFi,Sweden,POST Soraya, http://pbs.twimg.com/profile_images/481168965771599872/uP4U0vmA_200x200.jpeg
DavidCoburnUKip,United Kingdom,COBURN David, http://pbs.twimg.com/profile_images/598556465029328896/8lOGgAMx_200x200.jpg
ClaudeTurmes,Luxembourg,TURMES Claude, http://pbs.twimg.com/profile_images/841778057446842368/r59bUorq_200x200.jpg
maritaulvskog,Sweden,ULVSKOG Marita, http://pbs.twimg.com/profile_images/460664005271355393/bGKWoKX3_200x200.jpeg
ramontremosa,Spain,TREMOSA BALCELLS Ramon i, http://pbs.twimg.com/profile_images/688638975234412544/wlv6uy3-_200x200.jpg
NeenaGmep,United Kingdom,GILL Neena, http://pbs.twimg.com/profile_images/451479972742701056/g2MqQGV8_200x200.jpeg
georgmayermep,Austria,MAYER Georg, http://pbs.twimg.com/profile_images/577400935825059840/1EtyyW_V_200x200.jpeg
TomaszPoreba,Poland,PORĘBA Tomasz Piotr, http://pbs.twimg.com/profile_images/378800000812069682/f1ebd6e638bbec5f96aa145469e2e38a_200x200.jpeg
LFerraraM5S,Italy,FERRARA Laura, http://pbs.twimg.com/profile_images/771325810510798848/4rWrFGgE_200x200.jpg
gillespargneaux,France,PARGNEAUX Gilles, http://pbs.twimg.com/profile_images/378800000082286778/72ceea1c4d4c2ac16647e690cdbd257e_200x200.jpeg
EugenAFreund,Austria,FREUND Eugen, http://pbs.twimg.com/profile_images/378800000418681279/9dc5e2cb67f54cc6d0ec2162b37a0d93_200x200.jpeg
SeanKellyMEP,Ireland,KELLY Seán, http://pbs.twimg.com/profile_images/586095857549869056/IqbmJYoK_200x200.png
younousomarjee,France,OMARJEE Younous, http://pbs.twimg.com/profile_images/591912647941062656/DEVg0SF1_200x200.jpg
Delahaye_Europe,France,DELAHAYE Angélique, http://pbs.twimg.com/profile_images/754766069760483328/RDLedOPT_200x200.jpg
HelgaTruepel,Germany,TRÜPEL Helga, http://pbs.twimg.com/profile_images/448071799482241024/W90w9cxr_200x200.jpeg
Pospisil_Jiri,Czech Republic,POSPÍŠIL Jiří, http://pbs.twimg.com/profile_images/457571993152262144/jvE4Hp1h_200x200.jpeg
JytteGuteland,Sweden,GUTELAND Jytte, http://pbs.twimg.com/profile_images/450573686748512256/dKdjt7Cm_200x200.jpeg
SmolkovaMonika,Slovakia,SMOLKOVÁ Monika, http://pbs.twimg.com/profile_images/432819858309263361/AbgZJxW1_200x200.jpeg
JamesJimCarver,United Kingdom,CARVER James, http://pbs.twimg.com/profile_images/822914703445946368/bCMbsoyb_200x200.jpg
Ale_Mussolini_,Italy,MUSSOLINI Alessandra, http://pbs.twimg.com/profile_images/460367842177601536/niqZt6BN_200x200.jpeg
MarietjeSchaake,Netherlands,SCHAAKE Marietje, http://pbs.twimg.com/profile_images/842415823293698050/RT4JFzJE_200x200.jpg
IvanStefanec,Slovakia,ŠTEFANEC Ivan, http://pbs.twimg.com/profile_images/451993806531866625/AOEn0L2G_200x200.jpeg
AgeaLaura,Italy,AGEA Laura, http://pbs.twimg.com/profile_images/656231079553142784/BJozZSED_200x200.jpg
PeterSimonMEP,Germany,SIMON Peter, http://pbs.twimg.com/profile_images/482458384310865920/WUJvDftZ_200x200.jpeg
fjavilopez,Spain,LÓPEZ Javi, http://pbs.twimg.com/profile_images/833740171350781953/13HDrxvB_200x200.jpg
MaireadMcGMEP,Ireland,McGUINNESS Mairead, http://pbs.twimg.com/profile_images/685022770829373440/L8N_kqwh_200x200.jpg
TokiaSaifi,France,SAÏFI Tokia, http://pbs.twimg.com/profile_images/846360207768911872/r1HlSHbC_200x200.jpg
PASCALARIMONT,Romania,WEBER Renate, http://pbs.twimg.com/profile_images/565058107252826112/zELHqk07_200x200.jpeg
korwinmikke,Poland,KORWIN-MIKKE Janusz, http://pbs.twimg.com/profile_images/1392618613/korwin-mikke_200x200.png
KellerHonza,Czech Republic,KELLER Jan, http://pbs.twimg.com/profile_images/487254656062464001/44zq2lXh_200x200.jpeg
Esther_de_Lange,Netherlands,LANGE Esther de, http://pbs.twimg.com/profile_images/591508185703288832/tHR3jr3j_200x200.jpg
SteliosKoul,Greece,KOULOGLOU Stelios, http://pbs.twimg.com/profile_images/569257784554700800/1ftfi_kQ_200x200.png
joachimzeller,Germany,ZELLER Joachim, http://pbs.twimg.com/profile_images/231193041/zeller_200x200.jpg
ernesturtasun,Spain,URTASUN Ernest, http://pbs.twimg.com/profile_images/783627817384812545/PvbqwhNO_200x200.jpg
MarcoZullo,Italy,ZULLO Marco, http://pbs.twimg.com/profile_images/748502265649111040/RcOC-8kh_200x200.jpg
beatrizbecerrab,Spain,BECERRA BASTERRECHEA Beatriz, http://pbs.twimg.com/profile_images/803523236436856833/kuv8dIVn_200x200.jpg
MireilledOrnano,France,D'ORNANO Mireille, http://pbs.twimg.com/profile_images/737181667975147520/3_7ymb_R_200x200.jpg
desarnez,France,SARNEZ Marielle de, http://pbs.twimg.com/profile_images/450857862562979841/0AjfPKSB_200x200.jpeg
MepMCramer,Germany,CRAMER Michael, http://pbs.twimg.com/profile_images/518028989336543232/Bn9GwA2m_200x200.jpeg
NiedermullerMEP,Hungary,NIEDERMÜLLER Péter, http://pbs.twimg.com/profile_images/534768433334718464/l6UP1ZXn_200x200.jpeg
langen_werner,Germany,LANGEN Werner, http://pbs.twimg.com/profile_images/446208477673697281/zNNEs0ld_200x200.jpeg
peterliese,Germany,LIESE Peter, http://pbs.twimg.com/profile_images/844581896390610944/DV8UfZ6e_200x200.jpg
alexlmayer,United Kingdom,MAYER Alex, http://pbs.twimg.com/profile_images/701804280513060864/0kbNOqPn_200x200.png
C_Stihler_MEP,United Kingdom,STIHLER Catherine, http://pbs.twimg.com/profile_images/778578357986455553/FqY3ymCS_200x200.jpg
kvanbrempt,Belgium,VAN BREMPT Kathleen, http://pbs.twimg.com/profile_images/735414143075909632/ScyRikGr_200x200.jpg
sorinmoisa,Romania,MOISĂ Sorin, http://pbs.twimg.com/profile_images/482917072674889728/vDT6EWt3_200x200.jpeg
MarianMarinescu,Romania,MARINESCU Marian-Jean, http://pbs.twimg.com/profile_images/630434344/untitled2_200x200.bmp
hildevautmans,Belgium,VAUTMANS Hilde, http://pbs.twimg.com/profile_images/771684818740453376/Vpj-zhb6_200x200.jpg
SoledadCabezon,Spain,CABEZÓN RUIZ Soledad, http://pbs.twimg.com/profile_images/729693045789184000/x21sfKVa_200x200.jpg
Franc_Bogovic,Slovenia,BOGOVIČ Franc, http://pbs.twimg.com/profile_images/539109147245953025/YmnQPhHj_200x200.jpeg
mady_delvaux,Luxembourg,DELVAUX Mady, http://pbs.twimg.com/profile_images/773873676391505920/cZaQhmWx_200x200.jpg
MEPDohrmann,Denmark,DOHRMANN Jørn, http://pbs.twimg.com/profile_images/542626926800543745/YDaC-Cna_200x200.jpeg
Caninator,Spain,COUSO PERMUY Javier, http://pbs.twimg.com/profile_images/823833503519358977/GAmmV958_200x200.jpg
etorrespodemos,Spain,TORRES MARTÍNEZ Estefanía, http://pbs.twimg.com/profile_images/798943974149029889/jxMibUx7_200x200.jpg
gerardeprez,Belgium,DEPREZ Gérard, http://pbs.twimg.com/profile_images/664403863584178178/5Zxgp6Db_200x200.jpg
giovannilavia,Italy,LA VIA Giovanni, http://pbs.twimg.com/profile_images/831801648246820864/TlOsub0f_200x200.jpg
MCVergiat,France,VERGIAT Marie-Christine, http://pbs.twimg.com/profile_images/479314985135271936/hIJCgFCB_200x200.jpeg
IvetaGrigule,Latvia,GRIGULE Iveta, http://pbs.twimg.com/profile_images/448889581035732993/TEiXAarE_200x200.jpeg
L_Cesa,Italy,CESA Lorenzo, http://pbs.twimg.com/profile_images/806879055429730304/Gr9kHNNF_200x200.jpg
jordisolef,Spain,SOLÉ I FERRANDO Jordi, http://pbs.twimg.com/profile_images/692245072612560896/kALJCuBa_200x200.jpg
rozathun,Poland,THUN UND HOHENSTEIN Róża Gräfin von, http://pbs.twimg.com/profile_images/758717067868659712/gSDlIVBQ_200x200.jpg
paolodecastro,Italy,DE CASTRO Paolo, http://pbs.twimg.com/profile_images/805707066899828736/yQlUMjZi_200x200.jpg
DanielJHannan,United Kingdom,HANNAN Daniel, http://pbs.twimg.com/profile_images/713039407415209985/m09ripM-_200x200.jpg
berndlange,Germany,LANGE Bernd, http://pbs.twimg.com/profile_images/753562292634157056/PDwJ5C6E_200x200.jpg
comilara,Italy,COMI Lara, http://pbs.twimg.com/profile_images/837315633952014336/WVe6KKUg_200x200.jpg
isoltesEP,Slovenia,ŠOLTES Igor, http://pbs.twimg.com/profile_images/544474783027429377/0wl9iiWG_200x200.jpeg
pepeblancoEP,Spain,BLANCO LÓPEZ José, http://pbs.twimg.com/profile_images/560066762297712640/QVm-PKHP_200x200.jpeg
cdallonnes,France,REVAULT D'ALLONNES BONNEFOY Christine, http://pbs.twimg.com/profile_images/676329846092513280/ZoUdr-al_200x200.jpg
MaxSalini,Italy,SALINI Massimiliano, http://pbs.twimg.com/profile_images/800236697313230848/EOpmQPoP_200x200.jpg
SHKMEP,United Kingdom,KARIM Sajjad, http://pbs.twimg.com/profile_images/755172033709928448/nAzRfuWK_200x200.jpg
Jane_CollinsMEP,United Kingdom,COLLINS Jane, http://pbs.twimg.com/profile_images/805802285368541184/ssa42Xyy_200x200.jpg
marekjurek,Poland,JUREK Marek, http://pbs.twimg.com/profile_images/469430637850411009/ZPFDYfiF_200x200.jpeg
DianeDoddsMEP,United Kingdom,DODDS Diane, http://pbs.twimg.com/profile_images/799331998296920064/UyOD6G6G_200x200.jpg
ErnstCornelia,Germany,ERNST Cornelia, http://pbs.twimg.com/profile_images/3320515269/3e26c73e528b8a975523f6eb4d125120_200x200.jpeg
Miriamdalli,Malta,DALLI Miriam, http://pbs.twimg.com/profile_images/831971289892012033/RGC5zASO_200x200.jpg
szejnfeld,Poland,SZEJNFELD Adam, http://pbs.twimg.com/profile_images/839093047967219713/dqydGPAT_200x200.jpg
schulzeeuropa,Germany,SCHULZE Sven, http://pbs.twimg.com/profile_images/434814151295131648/fGwaUYJh_200x200.jpeg
Jbergeronmep,France,BERGERON Joëlle, http://pbs.twimg.com/profile_images/775691446871592960/ptNFah5m_200x200.jpg
JNicholsonMEP,United Kingdom,NICHOLSON James, http://pbs.twimg.com/profile_images/801023444292894721/Nfn091b-_200x200.jpg
lidiageringer,Poland,GERINGER OEDENBERG Lidia Joanna de, http://pbs.twimg.com/profile_images/831132647913091072/0xWCUSAv_200x200.jpg
vozemberg,Greece,VOZEMBERG-VRIONIDI Elissavet, http://pbs.twimg.com/profile_images/738335954495262720/QRv48ZMU_200x200.jpg
lojzepeterle,Slovenia,PETERLE Alojz, http://pbs.twimg.com/profile_images/750260459299860480/GbQ_bI5A_200x200.jpg
ALewerMEP,United Kingdom,LEWER Andrew, http://pbs.twimg.com/profile_images/663757676762001408/6ymhYio0_200x200.jpg
adamkosamep,Hungary,KÓSA Ádám, http://pbs.twimg.com/profile_images/378800000756212112/001896be1db02ffe5fc15a8106cc09fe_200x200.jpeg
SMuresan,Romania,MUREŞAN Siegfried, http://pbs.twimg.com/profile_images/446686323483492352/9bV_5-Cu_200x200.jpeg
SernagiottoRemo,Italy,SERNAGIOTTO Remo, http://pbs.twimg.com/profile_images/512575080291774464/YAZPQkzL_200x200.jpeg
TonoEPP,Spain,LÓPEZ-ISTÚRIZ WHITE Antonio, http://pbs.twimg.com/profile_images/2995054044/ed2071b9a3cfda36b8684afaa37c399b_200x200.jpeg
mauriceponga,France,PONGA Maurice, http://pbs.twimg.com/profile_images/745315924723392512/DoMlAkLk_200x200.jpg
a_chauprade,France,CHAUPRADE Aymeric, http://pbs.twimg.com/profile_images/791529173265317888/ZdmSUgrq_200x200.jpg
beghin_t,Italy,BEGHIN Tiziana, http://pbs.twimg.com/profile_images/522317524222763008/GGgKNTeD_200x200.png
EvaJoly,France,JOLY Eva, http://pbs.twimg.com/profile_images/2045044335/Eva-Joly-2012---affiche-officielle-square2_200x200.png
anneleen_vb,Belgium,VAN BOSSUYT Anneleen, http://pbs.twimg.com/profile_images/775354601738473472/bTafU0pU_200x200.jpg
Ashleyfoxmep,United Kingdom,FOX Ashley, http://pbs.twimg.com/profile_images/378800000174583292/26add78a34f8db4bcfc0790115d6b981_200x200.jpeg
MarinaAlbiol,Spain,ALBIOL GUZMÁN Marina, http://pbs.twimg.com/profile_images/784398448623747072/nEmGbHPn_200x200.jpg
kokokansanpaavo,Finland,VÄYRYNEN Paavo, http://pbs.twimg.com/profile_images/1616154615/paavo-face_200x200.jpg
WimvandeCamp,Netherlands,CAMP Wim van de, http://pbs.twimg.com/profile_images/572342694812491776/YOp7gGmT_200x200.jpeg
GabrielePreuss,Germany,PREUSS Gabriele, http://pbs.twimg.com/profile_images/847082455257546753/ux_WsrKc_200x200.jpg
PatrickLeHyaric,France,LE HYARIC Patrick, http://pbs.twimg.com/profile_images/3257050463/8f371c3e42cd1984889fb3ce81d1301b_200x200.jpeg
emmanuelmaurel,France,MAUREL Emmanuel, http://pbs.twimg.com/profile_images/378800000685426062/7a1490dc39fce7cdba35e17d6b51adce_200x200.jpeg
UlrikeLunacek,Austria,LUNACEK Ulrike, http://pbs.twimg.com/profile_images/808271567998320640/3YXjYuW8_200x200.jpg
Frederiqueries,Belgium,RIES Frédérique, http://pbs.twimg.com/profile_images/802134303786303490/IwR-TaWd_200x200.jpg
tomvdkendelaere,Belgium,VANDENKENDELAERE Tom, http://pbs.twimg.com/profile_images/824171972120707072/6tZCN4Im_200x200.jpg
paultang,Netherlands,TANG Paul, http://pbs.twimg.com/profile_images/763822763492667392/eQGMsXfe_200x200.jpg
KyllonenMerja,Finland,KYLLÖNEN Merja, http://pbs.twimg.com/profile_images/782845419772637185/o7WobwYV_200x200.jpg
JerzyBuzek,Poland,BUZEK Jerzy, http://pbs.twimg.com/profile_images/514007835126939650/AbB4Og_0_200x200.jpeg
CDPreda,Romania,PREDA Cristian Dan, http://pbs.twimg.com/profile_images/423202653821079552/WMP0DnQM_200x200.jpeg
martina_michels,Germany,MICHELS Martina, http://pbs.twimg.com/profile_images/624941210042527744/0zkx-uVJ_200x200.jpg
csakypal,Slovakia,CSÁKY Pál, http://pbs.twimg.com/profile_images/421244392179912705/TX2gSWp-_200x200.jpeg
LinneaEngstrom,Sweden,ENGSTRÖM Linnéa, http://pbs.twimg.com/profile_images/574846072377380864/KbHyCObR_200x200.jpeg
OleEU,Denmark,CHRISTENSEN Ole, http://pbs.twimg.com/profile_images/378800000739236208/37de027e55da4e8f43d420e33ef99942_200x200.jpeg
m_giuffrida,Italy,GIUFFRIDA Michela, http://pbs.twimg.com/profile_images/457296569046687744/4KOBhNqH_200x200.jpeg
BranoSkripek,Slovakia,ŠKRIPEK Branislav, http://pbs.twimg.com/profile_images/453553671997906944/IUtVYDPo_200x200.jpeg
MartinSchulz,Germany,SCHULZ Martin, http://pbs.twimg.com/profile_images/723504668308049920/Z46gDi-v_200x200.jpg
ZahradilJan,Czech Republic,ZAHRADIL Jan, http://pbs.twimg.com/profile_images/378800000473456467/ece104a3fc08762173f62219a1469988_200x200.jpeg
GerardBattenMEP,United Kingdom,BATTEN Gerard, http://pbs.twimg.com/profile_images/616183914319753216/2S38oWJs_200x200.jpg
Halla_aho,Finland,HALLA-AHO Jussi, http://pbs.twimg.com/profile_images/1211293771/halla-aho_200x200.jpg
miapetrakumpula,Finland,KUMPULA-NATRI Miapetra, http://pbs.twimg.com/profile_images/851754374057611264/lDqTmJFU_200x200.jpg
TheresaMEP,United Kingdom,GRIFFIN Theresa, http://pbs.twimg.com/profile_images/855023049019711489/WAzggEJh_200x200.jpg
renatosoru,Italy,SORU Renato, http://pbs.twimg.com/profile_images/527122260536983553/M6ITK6Lf_200x200.png
inge_graessle,Germany,GRÄSSLE Ingeborg, http://pbs.twimg.com/profile_images/1676952275/20110509_Ingeborg_GRASSLE_Portraits_022_homepage_200x200.jpg
MassimoPaolucc6,Italy,PAOLUCCI Massimo, http://pbs.twimg.com/profile_images/669928147220041728/PL12v0IU_200x200.jpg
damiandraghici,Romania,DRĂGHICI Damian, http://pbs.twimg.com/profile_images/843744633490477058/Pr6Lu7qk_200x200.jpg
gimenezbarbat,Spain,GIMÉNEZ BARBAT María Teresa, http://pbs.twimg.com/profile_images/811866170651451393/bnkWPtF__200x200.jpg
JeppeKofod,Denmark,KOFOD Jeppe, http://pbs.twimg.com/profile_images/378800000379764481/4f962ec599abb105aadf03bd77174430_200x200.jpeg
julia_reid,United Kingdom,REID Julia, http://pbs.twimg.com/profile_images/587246721023008770/c3Vy7bUd_200x200.jpg
ViktorUspaskich,Lithuania,USPASKICH Viktor, http://pbs.twimg.com/profile_images/1123609818/96698_200x200.jpg
MilanZver,Slovenia,ZVER Milan, http://pbs.twimg.com/profile_images/827153274327486470/6mqhnyvY_200x200.jpg
AlainCadec,France,CADEC Alain, http://pbs.twimg.com/profile_images/797067569287090176/DTwdCRuf_200x200.jpg
SvMalinov,Bulgaria,MALINOV Svetoslav Hristov, http://pbs.twimg.com/profile_images/488657953608568832/M4FwI0jF_200x200.jpeg
SulikRichard,Slovakia,SULÍK Richard, http://pbs.twimg.com/profile_images/512536376802177024/Lmu4uB3O_200x200.jpeg
Nigel_Farage,United Kingdom,FARAGE Nigel, http://pbs.twimg.com/profile_images/596636528425697280/WI2D5I3N_200x200.jpg
hudghtonmepSNP,United Kingdom,HUDGHTON Ian, http://pbs.twimg.com/profile_images/849627254074355712/FN4tT3jX_200x200.jpg
IratxeGarper,Spain,GARCÍA PÉREZ Iratxe, http://pbs.twimg.com/profile_images/844102526962221056/GCabeKq8_200x200.jpg
maitepagaza,Spain,PAGAZAURTUNDÚA RUIZ Maite, http://pbs.twimg.com/profile_images/649257262750429184/fJrkqq8V_200x200.png
DominiqueRiquet,France,RIQUET Dominique, http://pbs.twimg.com/profile_images/849289502384414721/qfPxHdnv_200x200.jpg
PetrMachMEP,Czech Republic,MACH Petr, http://pbs.twimg.com/profile_images/468779591549452289/VcUzVBBw_200x200.jpeg
MLP_officiel,France,LE PEN Marine, http://pbs.twimg.com/profile_images/853280204713754624/i5oIAxWk_200x200.jpg
LiadhNiRiadaMEP,Ireland,NÍ RIADA Liadh, http://pbs.twimg.com/profile_images/735402162822520832/w9FMw_nT_200x200.jpg
marcoaffronte,Italy,AFFRONTE Marco, http://pbs.twimg.com/profile_images/772485195865923585/2O6bzDs__200x200.jpg
Janice4Brexit,United Kingdom,ATKINSON Janice, http://pbs.twimg.com/profile_images/819535279539257345/VteN4Swr_200x200.jpg
MatthijsvMilt,Netherlands,MILTENBURG Matthijs van, http://pbs.twimg.com/profile_images/424499475093004288/n5tqZnJs_200x200.jpeg
BarbaraKudrycka,Poland,KUDRYCKA Barbara, http://pbs.twimg.com/profile_images/660536012129640448/HGBwcGBD_200x200.jpg
PavelEmilian,Romania,PAVEL Emilian, http://pbs.twimg.com/profile_images/557453240888209408/YmBtzboX_200x200.jpeg
EUTheurer,Germany,THEURER Michael, http://pbs.twimg.com/profile_images/845187267425533953/mBtYUSkf_200x200.jpg
Cofferati,Italy,COFFERATI Sergio Gaetano, http://pbs.twimg.com/profile_images/557245040645263360/MkQ824ZK_200x200.jpeg
flaviozanonato,Italy,ZANONATO Flavio, http://pbs.twimg.com/profile_images/481925626623172608/K2cqDBKy_200x200.jpeg
ph_loiseau,France,LOISEAU Philippe, http://pbs.twimg.com/profile_images/737181751831826432/7o86wb-Q_200x200.jpg
jpdenanot,France,DENANOT Jean-Paul, http://pbs.twimg.com/profile_images/489484633420345344/ZY0m8kqm_200x200.jpeg
MiguelUrban,Spain,URBÁN CRESPO Miguel, http://pbs.twimg.com/profile_images/724198364271792128/sO_oKFNa_200x200.jpg
markdemesmaeker,Belgium,DEMESMAEKER Mark, http://pbs.twimg.com/profile_images/3573383128/782592c3091cb8da6c347072f4d2e55f_200x200.jpeg
nadine__morano,France,MORANO Nadine, http://pbs.twimg.com/profile_images/434272818201497600/r85ViTYs_200x200.jpeg
KrystynaLybacka,Poland,ŁYBACKA Krystyna, http://pbs.twimg.com/profile_images/440428007782486016/fRGyMf3x_200x200.jpeg
r_czarnecki,Poland,CZARNECKI Ryszard, http://pbs.twimg.com/profile_images/664049545148502016/N9JQ5WuL_200x200.jpg
Isa_Adinolfi,Italy,ADINOLFI Isabella, http://pbs.twimg.com/profile_images/805739377590673408/IpdZNFP6_200x200.jpg
BLiberadzki,Poland,LIBERADZKI Bogusław, http://pbs.twimg.com/profile_images/3501623261/aa233e92c14f437a70ea946b8014cf27_200x200.jpeg
robertrochefort,France,ROCHEFORT Robert, http://pbs.twimg.com/profile_images/673772497423228929/SNYZ9d_k_200x200.jpg
AnneMarieMineur,Netherlands,MINEUR Anne-Marie, http://pbs.twimg.com/profile_images/794915143108935680/dpg_wo68_200x200.jpg
JanuszZemke,Poland,ZEMKE Janusz, http://pbs.twimg.com/profile_images/456726886538674177/zGe6Bzgo_200x200.jpeg
GreenKeithMEP,United Kingdom,TAYLOR Keith, http://pbs.twimg.com/profile_images/854986663587598339/BwYqVcUW_200x200.jpg
oflynnmep,United Kingdom,O'FLYNN Patrick, http://pbs.twimg.com/profile_images/1149385684/patrick_oflynn_200x200.jpg
JSaryuszWolski,Poland,SARYUSZ-WOLSKI Jacek, http://pbs.twimg.com/profile_images/378800000090536279/22df2840e98938aa94065a288c5928aa_200x200.jpeg
rohde_jens,Denmark,ROHDE Jens, http://pbs.twimg.com/profile_images/412863385030889472/1M57vo0j_200x200.jpeg
AndreyNovakov,Bulgaria,NOVAKOV Andrey, http://pbs.twimg.com/profile_images/777960258102755328/YE7ZZfUd_200x200.jpg
RamonaManescu,Romania,MĂNESCU Ramona Nicole, http://pbs.twimg.com/profile_images/775343385402048512/G5_stTFn_200x200.jpg
jonasfernandez,Spain,FERNÁNDEZ Jonás, http://pbs.twimg.com/profile_images/640489227961126912/KZuITGv9_200x200.jpg
MarianHarkin,Ireland,HARKIN Marian, http://pbs.twimg.com/profile_images/603125599650062336/GOdemBQJ_200x200.png
AndersVistisen,Denmark,VISTISEN Anders Primdahl, http://pbs.twimg.com/profile_images/480031557336301569/yfuN1_cl_200x200.jpeg
a_jongerius,Netherlands,JONGERIUS Agnes, http://pbs.twimg.com/profile_images/436492147030634497/UFGEwYTT_200x200.png
Tim_Aker,United Kingdom,AKER Tim, http://pbs.twimg.com/profile_images/519824993434083329/jHnhFRD6_200x200.jpeg
Urmaspaet,Estonia,PAET Urmas, http://pbs.twimg.com/profile_images/750676627110105088/my13v9OE_200x200.jpg
MichelDANTIN,France,DANTIN Michel, http://pbs.twimg.com/profile_images/856468193472282626/7Cg8NDTE_200x200.jpg
Andrikiene,Lithuania,ANDRIKIENĖ Laima Liucija, http://pbs.twimg.com/profile_images/499270939062697984/WQ5BNRYp_200x200.jpeg
CaterinaChinnic,Italy,CHINNICI Caterina, http://pbs.twimg.com/profile_images/464106796878426112/RIR_TNN0_200x200.jpeg
ignaziocorrao,Italy,CORRAO Ignazio, http://pbs.twimg.com/profile_images/781901110353231872/rb2CUN1L_200x200.jpg
TPicula,Croatia,PICULA Tonino, http://pbs.twimg.com/profile_images/1371290276/Twitter_200x200.jpg
KatiPiri,Netherlands,PIRI Kati, http://pbs.twimg.com/profile_images/787279597616365568/L_RwPg6c_200x200.jpg
JanOlbrycht,Poland,OLBRYCHT Jan, http://pbs.twimg.com/profile_images/479188476831596544/4vaJSWTs_200x200.png
MikeHookemMEP,United Kingdom,HOOKEM Mike, assets/img/profiles/MikeHookemMEP_prof_img.jpg
NunoMeloCDS,Portugal,MELO Nuno, http://pbs.twimg.com/profile_images/529291850696245249/xMJbpOxb_200x200.jpeg
GabrielMatoA,Spain,MATO Gabriel, http://pbs.twimg.com/profile_images/3559190157/740d8a487082801d3a9a341c6bde7aaf_200x200.jpeg
MartinHaeusling,Germany,HÄUSLING Martin, http://pbs.twimg.com/profile_images/477624290/MH4twitter_200x200.jpg
JeanArthuis,France,ARTHUIS Jean, http://pbs.twimg.com/profile_images/803246807694372864/pbLfkfss_200x200.jpg
UdoBullmann,Germany,BULLMANN Udo, http://pbs.twimg.com/profile_images/461168445434781696/oO24jAPh_200x200.jpeg
Loekkegaard_MEP,Denmark,LØKKEGAARD Morten, http://pbs.twimg.com/profile_images/461400077873860608/-b9Qbg5U_200x200.jpeg
M_DiaconuMEP,Romania,DIACONU Mircea, http://pbs.twimg.com/profile_images/658983031177400324/6cKvYni6_200x200.png
bodilvalero,Sweden,VALERO Bodil, http://pbs.twimg.com/profile_images/459987373296603136/VLdhvRmE_200x200.jpeg
cozzolino62,Italy,COZZOLINO Andrea, http://pbs.twimg.com/profile_images/775985318524837888/Z07IE6GV_200x200.jpg
alessiamosca,Italy,MOSCA Alessia Maria, http://pbs.twimg.com/profile_images/566165382268866560/09W_sWtU_200x200.jpeg
IvoBelet,Belgium,BELET Ivo, http://pbs.twimg.com/profile_images/845301681189519361/Vue5k5sC_200x200.jpg
MichalBoni,Poland,BONI Michał, http://pbs.twimg.com/profile_images/845194223305469952/xCAi7BDY_200x200.jpg
gualtierieurope,Italy,GUALTIERI Roberto, http://pbs.twimg.com/profile_images/466148421095522304/AsYm5iw__200x200.jpeg
ANiebler,Germany,NIEBLER Angelika, http://pbs.twimg.com/profile_images/2728786166/765c14c4b3e268858f8bf9e58c178b1c_200x200.jpeg
PediciniM5S,Italy,PEDICINI Piernicola, http://pbs.twimg.com/profile_images/738779924492918785/XxdKNzQp_200x200.jpg
ilhankyuchyuk,Bulgaria,KYUCHYUK Ilhan, http://pbs.twimg.com/profile_images/747685974633750528/DZWFA63j_200x200.jpg
biuroposelskie,Poland,OŻÓG Stanisław, http://pbs.twimg.com/profile_images/2987797709/c4872d4d1e0ef6b92ebb66e61ecc4355_200x200.jpeg
gesine_meissner,Germany,MEISSNER Gesine, http://pbs.twimg.com/profile_images/447042613913198592/F8iomOtX_200x200.jpeg
RolandasPaksas,Lithuania,PAKSAS Rolandas, http://pbs.twimg.com/profile_images/1425953086/pakso_foto_200x200.jpg
mortenhelveg,Denmark,PETERSEN Morten Helveg, http://pbs.twimg.com/profile_images/587953955793199104/wLRQd33i_200x200.png
AngelikaMlinar,Austria,MLINAR Angelika, http://pbs.twimg.com/profile_images/786475596608106497/bfHhmyry_200x200.jpg
AnnieSchreijer,Netherlands,SCHREIJER-PIERIK Annie, http://pbs.twimg.com/profile_images/735839302060539904/LKZY9eMP_200x200.jpg
ZbigniewKuzmiuk,Poland,KUŹMIUK Zbigniew, http://pbs.twimg.com/profile_images/810925979061329920/UWjxPFgr_200x200.jpg
StevensHelga,Belgium,STEVENS Helga, http://pbs.twimg.com/profile_images/745155066819026946/QDLiIpHf_200x200.jpg
MonicaMacovei1,Romania,MACOVEI Monica, http://pbs.twimg.com/profile_images/671742565759123456/VNpKHll5_200x200.jpg
jensni,Sweden,NILSSON Jens, http://pbs.twimg.com/profile_images/458875690037682177/AX2WKa2P_200x200.jpeg
IuliuWinkler,Romania,WINKLER Iuliu, http://pbs.twimg.com/profile_images/661901212787335169/6qP2gtfK_200x200.jpg
curziomaltesetw,Italy,MALTESE Curzio, http://pbs.twimg.com/profile_images/486939085227847680/79kOY1qV_200x200.jpeg
HansOlafHenkel,Germany,HENKEL Hans-Olaf, http://pbs.twimg.com/profile_images/824303564818444288/8bBD2ZyM_200x200.jpg
RogerHelmerMEP,United Kingdom,HELMER Roger, http://pbs.twimg.com/profile_images/2878277079/6b62003be31b0424689108521314ffee_200x200.jpeg
jlavrilleux,France,LAVRILLEUX Jérôme, http://pbs.twimg.com/profile_images/378800000510169620/c3c314d6b6645795d54d4694e73e9a3c_200x200.jpeg
SilviaCostaEU,Italy,COSTA Silvia, http://pbs.twimg.com/profile_images/455722303267954688/vCQ3PPn3_200x200.jpeg
DavorSkrlec,Croatia,ŠKRLEC Davor, http://pbs.twimg.com/profile_images/725350212034826244/LxlWzNnd_200x200.jpg
mmatias_,Portugal,MATIAS Marisa, http://pbs.twimg.com/profile_images/768948359344300032/JRBsbu0Z_200x200.jpg
BronisRopeLT,Lithuania,ROPĖ Bronis, http://pbs.twimg.com/profile_images/652036363957592065/lPb5UKfg_200x200.jpg
SalvoPogliese,Italy,POGLIESE Salvatore Domenico, http://pbs.twimg.com/profile_images/2556144424/xz4p0cpc4491kxb4m5uf_200x200.jpeg
EvaKaili,Greece,KAILI Eva, http://pbs.twimg.com/profile_images/615881446927024128/xrv6sNbg_200x200.jpg
TeresaJBecerril,Spain,JIMÉNEZ-BECERRIL BARRIO Teresa, http://pbs.twimg.com/profile_images/1641826814/168604_161359797247699_100001210405911_387202_572251_n_200x200.jpg
WalesaMEP,Poland,WAŁĘSA Jarosław, http://pbs.twimg.com/profile_images/455734586530492416/JNA5ajq6_200x200.jpeg
LudekNie,Czech Republic,NIEDERMAYER Luděk, http://pbs.twimg.com/profile_images/598073657412354048/zRQ9XQDH_200x200.jpg
EGardiazabal,Spain,GARDIAZABAL RUBIAL Eider, http://pbs.twimg.com/profile_images/668380247948206081/dfb7ye-C_200x200.jpg
VivianeRedingEU,Luxembourg,REDING Viviane, http://pbs.twimg.com/profile_images/845210985556312064/ZtHZ9tt5_200x200.jpg
AKRajewicz,Poland,KOZŁOWSKA-RAJEWICZ Agnieszka, http://pbs.twimg.com/profile_images/712934205513142272/3SES6xNi_200x200.jpg
RenaudMuselier,France,MUSELIER Renaud, http://pbs.twimg.com/profile_images/804255271392514049/74hBK9ph_200x200.jpg
Marcozanni86,Italy,ZANNI Marco, http://pbs.twimg.com/profile_images/654617652384546816/zsrObhsf_200x200.jpg
Telicka,Czech Republic,TELIČKA Pavel, http://pbs.twimg.com/profile_images/469545463478112256/PRlbFtWL_200x200.jpeg
julie4nw,United Kingdom,WARD Julie, http://pbs.twimg.com/profile_images/851744179613036544/taAghqR9_200x200.jpg
fulviomartuscie,Italy,MARTUSCIELLO Fulvio, http://pbs.twimg.com/profile_images/667315951151419393/-X6ZXvbY_200x200.jpg
SalvoCicu,Italy,CICU Salvatore, http://pbs.twimg.com/profile_images/2386020263/image_200x200.jpg
ArnaudDanjean,France,DANJEAN Arnaud, http://pbs.twimg.com/profile_images/1698849326/Capture_d__cran_2011-12-17___21.37.16_200x200.png
KristinaWinberg,Sweden,WINBERG Kristina, http://pbs.twimg.com/profile_images/450629761761832960/xhWNf_fb_200x200.jpeg
KaySwinburneMEP,United Kingdom,SWINBURNE Kay, http://pbs.twimg.com/profile_images/481350192512630784/F0ViFILn_200x200.jpeg
bernard_monot,France,MONOT Bernard, http://pbs.twimg.com/profile_images/755317045672247297/YX6qjRuZ_200x200.jpg
Notis_Marias,Greece,MARIAS Notis, http://pbs.twimg.com/profile_images/3437177115/0db0093c52d04850c094561e36192aa4_200x200.jpeg
SophieintVeld,Netherlands,VELD Sophia in 't, http://pbs.twimg.com/profile_images/845267685088940032/E7thaNYC_200x200.jpg
ClaudiaTapardel,Romania,ȚAPARDEL Claudia, http://pbs.twimg.com/profile_images/535452166190661632/VZrCnloU_200x200.jpeg
DariuszRosati,Poland,ROSATI Dariusz, http://pbs.twimg.com/profile_images/517657636268154881/vaGozkeV_200x200.jpeg
DianeJamesMEP,United Kingdom,JAMES Diane, http://pbs.twimg.com/profile_images/776791128947486720/-YI2LXIq_200x200.jpg
BriceHortefeux,France,HORTEFEUX Brice, http://pbs.twimg.com/profile_images/832174786931474432/4PNhQzVc_200x200.jpg
BiljanaBorzan,Croatia,BORZAN Biljana, http://pbs.twimg.com/profile_images/608941891321761792/vTuHjSaA_200x200.jpg
IsabellaDeMonte,Italy,DE MONTE Isabella, http://pbs.twimg.com/profile_images/809808999281475584/MyR2wpb6_200x200.jpg
GuyVerhofstadt,Belgium,VERHOFSTADT Guy, http://pbs.twimg.com/profile_images/740846584632606721/ZrSZYi9-_200x200.jpg
JLSchaffhauser,France,SCHAFFHAUSER Jean-Luc, http://pbs.twimg.com/profile_images/484317029856321536/yuVRyWyo_200x200.png
GQuisthoudt,Germany,QUISTHOUDT-ROWOHL Godelieve, http://pbs.twimg.com/profile_images/573481180164554754/XSzcrC_j_200x200.jpeg
Antonio_Tajani,Italy,TAJANI Antonio, http://pbs.twimg.com/profile_images/826937255482777600/SWFHvAHF_200x200.jpg
JFLopezAguilar,Spain,LÓPEZ AGUILAR Juan Fernando, http://pbs.twimg.com/profile_images/733972756073582592/befzDk-V_200x200.jpg
negrescuvictor,Romania,NEGRESCU Victor, http://pbs.twimg.com/profile_images/845317222084042752/wSM11NfG_200x200.jpg
enricogasbarra,Italy,GASBARRA Enrico, http://pbs.twimg.com/profile_images/55877228/gasbarrapiccolino_200x200.jpg
RomanaTomc,Slovenia,TOMC Romana, http://pbs.twimg.com/profile_images/464513496101572608/ejfkO7ta_200x200.jpeg
Gilles_Lebreton,France,LEBRETON Gilles, http://pbs.twimg.com/profile_images/746407599759822848/cYXAuhfa_200x200.jpg
BeataGosiewska,Poland,GOSIEWSKA Beata, http://pbs.twimg.com/profile_images/3342899401/d913fcedd32a7c08582cd438ad854dc7_200x200.jpeg
ManfredWeber,Germany,WEBER Manfred, http://pbs.twimg.com/profile_images/849593901698691074/1hDBCQXo_200x200.jpg
jo_leinen,Germany,LEINEN Jo, http://pbs.twimg.com/profile_images/606118143862444033/KkIM5fbl_200x200.jpg
MAlliotMarie,France,ALLIOT-MARIE Michèle, http://pbs.twimg.com/profile_images/806928979961769984/Pshb3USX_200x200.jpg
GreenJeanMEP,United Kingdom,LAMBERT Jean, http://pbs.twimg.com/profile_images/735399008458412032/UlKnWmtU_200x200.jpg
JillEvansMEP,United Kingdom,EVANS Jill, http://pbs.twimg.com/profile_images/709772956600242176/bi7Tt99O_200x200.jpg
carlositurgaiz,Spain,ITURGAIZ Carlos, http://pbs.twimg.com/profile_images/464008967404793858/Y_2f9hrL_200x200.jpeg
jeroen_lenaers,Netherlands,LENAERS Jeroen, http://pbs.twimg.com/profile_images/453876538472030208/eda1SDrI_200x200.jpeg
pavelpoc,Czech Republic,POC Pavel, http://pbs.twimg.com/profile_images/537239629917728769/UypIHBmd_200x200.jpeg
Bernd_Koelmel,Germany,KÖLMEL Bernd, http://pbs.twimg.com/profile_images/718039806350069760/nmqxPXlG_200x200.jpg
MariaSpyraki,Greece,SPYRAKI Maria, http://pbs.twimg.com/profile_images/635756130526859264/uGIa3h1-_200x200.png
Schmidt_Clau,Austria,SCHMIDT Claudia, http://pbs.twimg.com/profile_images/519392658632892416/jv2L5TX4_200x200.jpeg
FabioDeMasi,Germany,DE MASI Fabio, http://pbs.twimg.com/profile_images/835988551154221057/js6M_Oee_200x200.jpg
EnriqueCalvet,Spain,CALVET CHAMBON Enrique, http://pbs.twimg.com/profile_images/830023364890746880/8nT_5LYU_200x200.jpg
DemPapadakis,Cyprus,PAPADAKIS Demetris, http://pbs.twimg.com/profile_images/783945939576815616/Y4x0hSJa_200x200.jpg
judithineuropa,Netherlands,SARGENTINI Judith, http://pbs.twimg.com/profile_images/803263387346075649/jqrq6S9L_200x200.jpg
EpitidGeorgios,Greece,EPITIDEIOS Georgios, http://pbs.twimg.com/profile_images/800444291709632513/Eg9Flowj_200x200.jpg
VRoziere,France,ROZIÈRE Virginie, http://pbs.twimg.com/profile_images/654337215691124737/fhdMmECG_200x200.jpg
brunogollnisch,France,GOLLNISCH Bruno, http://pbs.twimg.com/profile_images/677511033393647617/FM2HHTjB_200x200.jpg
PDurandOfficiel,France,DURAND Pascal, http://pbs.twimg.com/profile_images/431829668564463616/zoXaGnZO_200x200.jpeg
SyedKamall,United Kingdom,KAMALL Syed, http://pbs.twimg.com/profile_images/639520375911616512/ufcIdF5Z_200x200.jpg
JProcterMEP,United Kingdom,PROCTER John, http://pbs.twimg.com/profile_images/820978429810065408/LytcNnky_200x200.jpg
OlafStuger,Netherlands,STUGER Olaf, http://pbs.twimg.com/profile_images/738808389518659584/y76k4iDM_200x200.jpg
SanderLoones,Belgium,LOONES Sander, http://pbs.twimg.com/profile_images/835229867763466241/Lc-gK6u3_200x200.jpg
IanDuncanMEP,United Kingdom,DUNCAN Ian, http://pbs.twimg.com/profile_images/446740114287243265/2nSOyTLU_200x200.jpeg
MalinBjork_EU,Sweden,BJÖRK Malin, http://pbs.twimg.com/profile_images/776023545860198400/VXwr08Qe_200x200.jpg
LilianaMEP,Portugal,RODRIGUES Liliana, http://pbs.twimg.com/profile_images/825395410718056448/bTLq8XGw_200x200.jpg
rosadamato634,Italy,D'AMATO Rosa, http://pbs.twimg.com/profile_images/847380121522651140/Q5RXPOTx_200x200.jpg
MarcJoulaud,France,JOULAUD Marc, http://pbs.twimg.com/profile_images/532540017529212928/msJJFuNT_200x200.jpeg
ElliKoestinger,Austria,KÖSTINGER Elisabeth, http://pbs.twimg.com/profile_images/2957977051/e8b6829ea5520b4173cc5f0a6230128e_200x200.png
IsmailErtug,Germany,ERTUG Ismail, http://pbs.twimg.com/profile_images/453901898433585152/GuA8-mqk_200x200.jpeg
petrisarvamaa,Finland,SARVAMAA Petri, http://pbs.twimg.com/profile_images/378800000605069061/73591872fff0ac05101c13104d791406_200x200.jpeg
PocheMEP,Czech Republic,POCHE Miroslav, http://pbs.twimg.com/profile_images/671720404344549378/oUUFzEVX_200x200.jpg
NBarekov,Bulgaria,BAREKOV Nikolay, http://pbs.twimg.com/profile_images/697385788326203392/r4KN4LeZ_200x200.jpg
Evelyn_Regner,Austria,REGNER Evelyn, http://pbs.twimg.com/profile_images/805885323024723968/O6SclVKp_200x200.jpg
